sample_id,original_id,group,uid,unclassified_reads,classified_reads,classified_pct,country,region,collection_site,water_type,latitude,longitude,collection_date
MAI0322112021,2021-Nov-MAI03,PUC,PUC-S001,7470378,6753121,47.48,Chile,"Maipo river region, Chile",MAI-03,Creek,-33.63439,-70.354806,11/22/21
MAI1325112021,2021-Nov-MAI13,PUC,PUC-S002,11305408,2749257,19.56,Chile,"Maipo river region, Chile",MAI-13,River,-33.80142,-70.886922,11/25/21
MAI1924112021,2021-Nov-MAI19,PUC,PUC-S003,7840885,3190415,28.92,Chile,"Maipo river region, Chile",MAI-19,Irrigation Canal,-33.707403,-71.038784,11/24/21
MAI2224112021,2021-Nov-MAI22,PUC,PUC-S004,8111448,4457165,35.46,Chile,"Maipo river region, Chile",MAI-22,Irrigation Canal,-33.690903,-71.052725,11/24/21
MAI23B24112021,2021-Nov-MAI23B,PUC,PUC-S005,12483872,5814373,31.78,Chile,"Maipo river region, Chile",MAI-23B,Irrigation Canal,-33.690662,-71.07774,11/24/21
MAI2624112021,2021-Nov-MAI26,PUC,PUC-S006,9512707,4610097,32.64,Chile,"Maipo river region, Chile",MAI-26,Irrigation Canal,-33.677117,-71.182877,11/24/21
MAI3725112021,2021-Nov-MAI37,PUC,PUC-S007,8896679,4608531,34.12,Chile,"Maipo river region, Chile",MAI-11B,Irrigation Canal,-33.684629,-70.692899,11/25/21
MAI5624112021,2021-Nov-MAI56,PUC,PUC-S008,8211217,4050947,33.04,Chile,"Maipo river region, Chile",MAI-24B,Irrigation Canal,-33.693386,-71.046132,11/24/21
MAI0313122021,2021-Dec-MAI03,PUC,PUC-S009,9018846,6596213,42.24,Chile,"Maipo river region, Chile",MAI-03,Creek,-33.63439,-70.354806,12/13/21
MAI1314122021,2021-Dec-MAI13,PUC,PUC-S010,11748334,4154030,26.12,Chile,"Maipo river region, Chile",MAI-13,River,-33.80142,-70.886922,12/14/21
MAI1414122021,2021-Dec-MAI14,PUC,PUC-S011,15267856,6421392,29.61,Chile,"Maipo river region, Chile",MAI-14,Irrigation Canal,-33.787603,-70.893005,12/14/21
MAI1514122021,2021-Dec-MAI15,PUC,PUC-S012,16487670,10463515,38.82,Chile,"Maipo river region, Chile",MAI-15,Irrigation Canal,-33.76604,-70.901514,12/14/21
MAI1914122021,2021-Dec-MAI19,PUC,PUC-S013,13400574,6016292,30.98,Chile,"Maipo river region, Chile",MAI-19,Irrigation Canal,-33.707403,-71.038784,12/14/21
MAI2214122021,2021-Dec-MAI22,PUC,PUC-S014,10263572,6505662,38.8,Chile,"Maipo river region, Chile",MAI-22,Irrigation Canal,-33.690903,-71.052725,12/14/21
MAI23B15122021,2021-Dec-MAI23B,PUC,PUC-S015,8751317,3875827,30.69,Chile,"Maipo river region, Chile",MAI-23B,Irrigation Canal,-33.690662,-71.07774,12/15/21
MAI2615122021,2021-Dec-MAI26,PUC,PUC-S016,9491697,4266935,31.01,Chile,"Maipo river region, Chile",MAI-26,Irrigation Canal,-33.677117,-71.182877,12/15/21
MAI3015122021,2021-Dec-MAI30,PUC,PUC-S017,9721230,5059111,34.23,Chile,"Maipo river region, Chile",MAI-30,Irrigation Canal,-33.709537,-70.535945,12/15/21
MAI3615122021,2021-Dec-MAI36,PUC,PUC-S018,11888724,4542037,27.64,Chile,"Maipo river region, Chile",MAI-10B,Irrigation Canal,-33.690703,-70.677431,12/15/21
MAI3715122021,2021-Dec-MAI37,PUC,PUC-S019,11552314,4619838,28.57,Chile,"Maipo river region, Chile",MAI-11B,Irrigation Canal,-33.684629,-70.692899,12/15/21
MAI4016122021,2021-Dec-MAI40,PUC,PUC-S020,11823722,5654376,32.35,Chile,"Maipo river region, Chile",MAI-12B,Irrigation Canal,-33.705346,-70.723411,12/16/21
MAI5614122021,2021-Dec-MAI56,PUC,PUC-S021,12599924,5498072,30.38,Chile,"Maipo river region, Chile",MAI-24B,Irrigation Canal,-33.693386,-71.046132,12/14/21
MAI0318012022,2022-Jan-MAI03,PUC,PUC-S022,8771984,6446465,42.36,Chile,"Maipo river region, Chile",MAI-03,Creek,-33.63439,-70.354806,1/18/22
MAI1319012022,2022-Jan-MAI13,PUC,PUC-S023,9261001,4511973,32.76,Chile,"Maipo river region, Chile",MAI-13,River,-33.80142,-70.886922,1/19/22
MAI1419012022,2022-Jan-MAI14,PUC,PUC-S024,12746758,5574863,30.43,Chile,"Maipo river region, Chile",MAI-14,Irrigation Canal,-33.787603,-70.893005,1/19/22
MAI1919012022,2022-Jan-MAI19,PUC,PUC-S025,10610695,5618680,34.62,Chile,"Maipo river region, Chile",MAI-19,Irrigation Canal,-33.707403,-71.038784,1/19/22
MAI2219012022,2022-Jan-MAI22,PUC,PUC-S026,6933978,5343178,43.52,Chile,"Maipo river region, Chile",MAI-22,Irrigation Canal,-33.690903,-71.052725,1/19/22
MAI23B19012022,2022-Jan-MAI23B,PUC,PUC-S027,9207386,5280719,36.45,Chile,"Maipo river region, Chile",MAI-23B,Irrigation Canal,-33.690662,-71.07774,1/19/22
MAI2619012022,2022-Jan-MAI26,PUC,PUC-S028,9455071,4578982,32.63,Chile,"Maipo river region, Chile",MAI-26,Irrigation Canal,-33.677117,-71.182877,1/19/22
MAI3618012022,2022-Jan-MAI36,PUC,PUC-S029,9134505,7783513,46.01,Chile,"Maipo river region, Chile",MAI-10B,Irrigation Canal,-33.690703,-70.677431,1/18/22
MAI4019012022,2022-Jan-MAI40,PUC,PUC-S030,9377277,6506848,40.96,Chile,"Maipo river region, Chile",MAI-12B,Irrigation Canal,-33.705346,-70.723411,1/19/22
MAI5619012022,2022-Jan-MAI56,PUC,PUC-S031,10887332,5718878,34.44,Chile,"Maipo river region, Chile",MAI-24B,Irrigation Canal,-33.693386,-71.046132,1/19/22
MAI027032022,2022-Mar-MAI02,PUC,PUC-S032,11167860,5047606,31.13,Chile,"Maipo river region, Chile",MAI-02,River,-33.63588,-70.356768,3/7/22
MAI037032022,2022-Mar-MAI03,PUC,PUC-S033,11859511,7083066,37.39,Chile,"Maipo river region, Chile",MAI-03,Creek,-33.63439,-70.354806,3/7/22
MAI077032022,2022-Mar-MAI07,PUC,PUC-S034,12884831,6786911,34.5,Chile,"Maipo river region, Chile",MAI-07,Irrigation Canal,-33.645523,-70.587676,3/7/22
MAI138032022,2022-Mar-MAI13,PUC,PUC-S035,13391372,4623571,25.67,Chile,"Maipo river region, Chile",MAI-13,River,-33.80142,-70.886922,3/8/22
MAI148032022,2022-Mar-MAI14,PUC,PUC-S036,12508963,5278751,29.68,Chile,"Maipo river region, Chile",MAI-14,Irrigation Canal,-33.787603,-70.893005,3/8/22
MAI199032022,2022-Mar-MAI19,PUC,PUC-S037,12420693,5783652,31.77,Chile,"Maipo river region, Chile",MAI-19,Irrigation Canal,-33.707403,-71.038784,3/9/22
MAI229032022,2022-Mar-MAI22,PUC,PUC-S038,10282397,8506916,45.28,Chile,"Maipo river region, Chile",MAI-22,Irrigation Canal,-33.690903,-71.052725,3/9/22
MAI23B9032022,2022-Mar-MAI23B,PUC,PUC-S039,11313368,5517493,32.78,Chile,"Maipo river region, Chile",MAI-23B,Irrigation Canal,-33.690662,-71.07774,3/9/22
MAI268032022,2022-Mar-MAI26,PUC,PUC-S040,9887015,4730289,32.36,Chile,"Maipo river region, Chile",MAI-26,Irrigation Canal,-33.677117,-71.182877,3/8/22
MAI309032022,2022-Mar-MAI30,PUC,PUC-S041,9341290,5961970,38.96,Chile,"Maipo river region, Chile",MAI-30,Irrigation Canal,-33.709537,-70.535945,3/9/22
MAI367032022,2022-Mar-MAI36,PUC,PUC-S042,5900643,6423449,52.12,Chile,"Maipo river region, Chile",MAI-10B,Irrigation Canal,-33.690703,-70.677431,3/7/22
MAI378032022,2022-Mar-MAI37,PUC,PUC-S043,7260466,5492966,43.07,Chile,"Maipo river region, Chile",MAI-11B,Irrigation Canal,-33.684629,-70.692899,3/8/22
MAI408032022,2022-Mar-MAI40,PUC,PUC-S044,8882153,6686036,42.95,Chile,"Maipo river region, Chile",MAI-12B,Irrigation Canal,-33.705346,-70.723411,3/8/22
MAI569032022,2022-Mar-MAI56,PUC,PUC-S045,14534558,7533463,34.14,Chile,"Maipo river region, Chile",MAI-24B,Irrigation Canal,-33.693386,-71.046132,3/9/22
MAI0225042022,2022-Apr-MAI02,PUC,PUC-S046,15309048,6001679,28.16,Chile,"Maipo river region, Chile",MAI-02,River,-33.63588,-70.356768,4/25/22
MAI0728042022,2022-Apr-MAI07,PUC,PUC-S047,12786423,8085370,38.74,Chile,"Maipo river region, Chile",MAI-07,Irrigation Canal,-33.645523,-70.587676,4/28/22
MAI1327042022,2022-Apr-MAI13,PUC,PUC-S048,6713439,7069925,51.29,Chile,"Maipo river region, Chile",MAI-13,River,-33.80142,-70.886922,4/27/22
MAI1427042022,2022-Apr-MAI14,PUC,PUC-S049,11798115,7344635,38.37,Chile,"Maipo river region, Chile",MAI-14,Irrigation Canal,-33.787603,-70.893005,4/27/22
MAI1925042022,2022-Apr-MAI19,PUC,PUC-S050,10024661,5213358,34.21,Chile,"Maipo river region, Chile",MAI-19,Irrigation Canal,-33.707403,-71.038784,4/25/22
MAI2228042022,2022-Apr-MAI22,PUC,PUC-S051,8851753,5603150,38.76,Chile,"Maipo river region, Chile",MAI-22,Irrigation Canal,-33.690903,-71.052725,4/28/22
MAI23B28042022,2022-Apr-MAI23B,PUC,PUC-S052,8718871,4082398,31.89,Chile,"Maipo river region, Chile",MAI-23B,Irrigation Canal,-33.690662,-71.07774,4/28/22
MAI2628042022,2022-Apr-MAI26,PUC,PUC-S053,12690308,6110210,32.5,Chile,"Maipo river region, Chile",MAI-26,Irrigation Canal,-33.677117,-71.182877,4/28/22
MAI3028042022,2022-Apr-MAI30,PUC,PUC-S054,11121995,8538678,43.43,Chile,"Maipo river region, Chile",MAI-30,Irrigation Canal,-33.709537,-70.535945,4/28/22
MAI3627042022,2022-Apr-MAI36,PUC,PUC-S055,6125829,5151783,45.68,Chile,"Maipo river region, Chile",MAI-10B,Irrigation Canal,-33.690703,-70.677431,4/27/22
MAI3727042022,2022-Apr-MAI37,PUC,PUC-S056,8064472,7548822,48.35,Chile,"Maipo river region, Chile",MAI-11B,Irrigation Canal,-33.684629,-70.692899,4/27/22
MAI4027042022,2022-Apr-MAI40,PUC,PUC-S057,9539346,6035820,38.75,Chile,"Maipo river region, Chile",MAI-12B,Irrigation Canal,-33.705346,-70.723411,4/27/22
MAI5625042022,2022-Apr-MAI56,PUC,PUC-S058,13327616,7038337,34.56,Chile,"Maipo river region, Chile",MAI-24B,Irrigation Canal,-33.693386,-71.046132,4/25/22
MAI0218052022,2022-May-MAI02,PUC,PUC-S059,10043498,3984917,28.41,Chile,"Maipo river region, Chile",MAI-02,River,-33.63588,-70.356768,5/18/22
MAI1317052022,2022-May-MAI13,PUC,PUC-S060,15098904,7989397,34.6,Chile,"Maipo river region, Chile",MAI-13,River,-33.80142,-70.886922,5/17/22
MAI1916052022,2022-May-MAI19,PUC,PUC-S061,11605040,4598433,28.38,Chile,"Maipo river region, Chile",MAI-19,Irrigation Canal,-33.707403,-71.038784,5/16/22
MAI2216052022,2022-May-MAI22,PUC,PUC-S062,14801736,6981163,32.05,Chile,"Maipo river region, Chile",MAI-22,Irrigation Canal,-33.690903,-71.052725,5/16/22
MAI23B16052022,2022-May-MAI23B,PUC,PUC-S063,10743680,4718777,30.52,Chile,"Maipo river region, Chile",MAI-23B,Irrigation Canal,-33.690662,-71.07774,5/16/22
MAI2616052022,2022-May-MAI26,PUC,PUC-S064,8842882,3812047,30.12,Chile,"Maipo river region, Chile",MAI-26,Irrigation Canal,-33.677117,-71.182877,5/16/22
MAI3017052022,2022-May-MAI30,PUC,PUC-S065,7612955,8315187,52.2,Chile,"Maipo river region, Chile",MAI-30,Irrigation Canal,-33.709537,-70.535945,5/17/22
MAI3618052022,2022-May-MAI36,PUC,PUC-S066,7714196,4544413,37.07,Chile,"Maipo river region, Chile",MAI-10B,Irrigation Canal,-33.690703,-70.677431,5/18/22
MAI3717052022,2022-May-MAI37,PUC,PUC-S067,9156561,7257573,44.22,Chile,"Maipo river region, Chile",MAI-11B,Irrigation Canal,-33.684629,-70.692899,5/17/22
MAI4017052022,2022-May-MAI40,PUC,PUC-S068,13491101,9518599,41.37,Chile,"Maipo river region, Chile",MAI-12B,Irrigation Canal,-33.705346,-70.723411,5/17/22
MAI5616052022,2022-May-MAI56,PUC,PUC-S069,9595717,5463616,36.28,Chile,"Maipo river region, Chile",MAI-24B,Irrigation Canal,-33.693386,-71.046132,5/16/22
MAI0215062022,2022-Jun-MAI02,PUC,PUC-S070,13228437,4522945,25.48,Chile,"Maipo river region, Chile",MAI-02,River,-33.63588,-70.356768,6/15/22
MAI0315062022,2022-Jun-MAI03,PUC,PUC-S071,23018626,12504276,35.2,Chile,"Maipo river region, Chile",MAI-03,Creek,-33.63439,-70.354806,6/15/22
MAI0715062022,2022-Jun-MAI07,PUC,PUC-S072,22398734,13695109,37.94,Chile,"Maipo river region, Chile",MAI-07,Irrigation Canal,-33.645523,-70.587676,6/15/22
MAI1314062022,2022-Jun-MAI13,PUC,PUC-S073,15912843,7639516,32.44,Chile,"Maipo river region, Chile",MAI-13,River,-33.80142,-70.886922,6/14/22
MAI1913062022,2022-Jun-MAI19,PUC,PUC-S074,12311191,5731124,31.76,Chile,"Maipo river region, Chile",MAI-19,Irrigation Canal,-33.707403,-71.038784,6/13/22
MAI2213062022,2022-Jun-MAI22,PUC,PUC-S075,14008558,5731124,29.03,Chile,"Maipo river region, Chile",MAI-22,Irrigation Canal,-33.690903,-71.052725,6/13/22
MAI23B13062022,2022-Jun-MAI23B,PUC,PUC-S076,11911278,4794660,28.7,Chile,"Maipo river region, Chile",MAI-23B,Irrigation Canal,-33.690662,-71.07774,6/13/22
MAI2614062022,2022-Jun-MAI26,PUC,PUC-S077,17989067,10801049,37.52,Chile,"Maipo river region, Chile",MAI-26,Irrigation Canal,-33.677117,-71.182877,6/14/22
MAI3014062022,2022-Jun-MAI30,PUC,PUC-S078,8902541,9040030,50.38,Chile,"Maipo river region, Chile",MAI-30,Irrigation Canal,-33.709537,-70.535945,6/14/22
MAI4014062022,2022-Jun-MAI40,PUC,PUC-S079,13598336,5501972,28.81,Chile,"Maipo river region, Chile",MAI-12B,Irrigation Canal,-33.705346,-70.723411,6/14/22
MAI5613062022,2022-Jun-MAI56,PUC,PUC-S080,11134183,7926120,41.58,Chile,"Maipo river region, Chile",MAI-24B,Irrigation Canal,-33.693386,-71.046132,6/13/22
MAI0214072022,2022-Jul-MAI02,PUC,PUC-S081,14751814,5126755,25.79,Chile,"Maipo river region, Chile",MAI-02,River,-33.63588,-70.356768,7/14/22
MAI0714072022,2022-Jul-MAI07,PUC,PUC-S082,12419103,8421636,40.41,Chile,"Maipo river region, Chile",MAI-07,Irrigation Canal,-33.645523,-70.587676,7/14/22
MAI1313072022,2022-Jul-MAI13,PUC,PUC-S083,8536312,5739344,40.2,Chile,"Maipo river region, Chile",MAI-13,River,-33.80142,-70.886922,7/13/22
MAI1413072022,2022-Jul-MAI14,PUC,PUC-S084,19317070,7261351,27.32,Chile,"Maipo river region, Chile",MAI-14,Irrigation Canal,-33.787603,-70.893005,7/13/22
MAI1912072022,2022-Jul-MAI19,PUC,PUC-S085,16181755,5484830,25.31,Chile,"Maipo river region, Chile",MAI-19,Irrigation Canal,-33.707403,-71.038784,7/12/22
MAI2212072022,2022-Jul-MAI22,PUC,PUC-S086,11579880,5238837,31.15,Chile,"Maipo river region, Chile",MAI-22,Irrigation Canal,-33.690903,-71.052725,7/12/22
MAI23B12072022,2022-Jul-MAI23B,PUC,PUC-S087,8415745,3589274,29.9,Chile,"Maipo river region, Chile",MAI-23B,Irrigation Canal,-33.690662,-71.07774,7/12/22
MAI3014072022,2022-Jul-MAI30,PUC,PUC-S088,10099709,7978540,44.13,Chile,"Maipo river region, Chile",MAI-30,Irrigation Canal,-33.709537,-70.535945,7/14/22
MAI3613072022,2022-Jul-MAI36,PUC,PUC-S089,10395390,10325356,49.83,Chile,"Maipo river region, Chile",MAI-10B,Irrigation Canal,-33.690703,-70.677431,7/13/22
MAI3713072022,2022-Jul-MAI37,PUC,PUC-S090,6798874,9860754,59.19,Chile,"Maipo river region, Chile",MAI-11B,Irrigation Canal,-33.684629,-70.692899,7/13/22
MAI4013072022,2022-Jul-MAI40,PUC,PUC-S091,11044052,5441875,33.01,Chile,"Maipo river region, Chile",MAI-12B,Irrigation Canal,-33.705346,-70.723411,7/13/22
MAI0210082022,2022-Aug-MAI02,PUC,PUC-S092,11666981,4794739,29.13,Chile,"Maipo river region, Chile",MAI-02,River,-33.63588,-70.356768,8/10/22
MAI0310082022,2022-Aug-MAI03,PUC,PUC-S093,11054624,22843921,67.39,Chile,"Maipo river region, Chile",MAI-03,Creek,-33.63439,-70.354806,8/10/22
MAI139082022,2022-Aug-MAI13,PUC,PUC-S094,8720474,10594193,54.85,Chile,"Maipo river region, Chile",MAI-13,River,-33.80142,-70.886922,8/9/22
MAI149082022,2022-Aug-MAI14,PUC,PUC-S095,11615293,13744609,54.2,Chile,"Maipo river region, Chile",MAI-14,Irrigation Canal,-33.787603,-70.893005,8/9/22
MAI198082022,2022-Aug-MAI19,PUC,PUC-S096,8904299,7703594,46.39,Chile,"Maipo river region, Chile",MAI-19,Irrigation Canal,-33.707403,-71.038784,8/8/22
MAI228082022,2022-Aug-MAI22,PUC,PUC-S097,10613755,6064775,36.36,Chile,"Maipo river region, Chile",MAI-22,Irrigation Canal,-33.690903,-71.052725,8/8/22
MAI23B8082022,2022-Aug-MAI23B,PUC,PUC-S098,14458642,11041184,43.3,Chile,"Maipo river region, Chile",MAI-23B,Irrigation Canal,-33.690662,-71.07774,8/8/22
MAI268082022,2022-Aug-MAI26,PUC,PUC-S099,13520403,15642608,53.64,Chile,"Maipo river region, Chile",MAI-26,Irrigation Canal,-33.677117,-71.182877,8/8/22
MAI3010082022,2022-Aug-MAI30,PUC,PUC-S100,10836598,7745390,41.68,Chile,"Maipo river region, Chile",MAI-30,Irrigation Canal,-33.709537,-70.535945,8/10/22
MAI3610082022,2022-Aug-MAI36,PUC,PUC-S101,14978865,10230831,40.58,Chile,"Maipo river region, Chile",MAI-10B,Irrigation Canal,-33.690703,-70.677431,8/10/22
MAI379082022,2022-Aug-MAI37,PUC,PUC-S102,8285118,12418450,59.98,Chile,"Maipo river region, Chile",MAI-11B,Irrigation Canal,-33.684629,-70.692899,8/9/22
MAI409082022,2022-Aug-MAI40,PUC,PUC-S103,12371139,8737962,41.39,Chile,"Maipo river region, Chile",MAI-12B,Irrigation Canal,-33.705346,-70.723411,8/9/22
MAI568082022,2022-Aug-MAI56,PUC,PUC-S104,9770993,8917643,47.72,Chile,"Maipo river region, Chile",MAI-24B,Irrigation Canal,-33.693386,-71.046132,8/8/22
P21,,UFPB,UFPB-S001,18803739,7231399,27.78,Brazil,"State of Paraiba, Brazil",UFPB-21,Reservoir,-6.854139,-35.300833,1/26/22
P22,,UFPB,UFPB-S002,22435019,12909776,36.53,Brazil,"State of Paraiba, Brazil",UFPB-22,River,-6.858056,-35.367778,1/26/22
P23,,UFPB,UFPB-S003,19553780,6916753,26.13,Brazil,"State of Paraiba, Brazil",UFPB-23,River,-6.86275,-35.358889,1/26/22
1C21,,UFPB,UFPB-S004,23634550,9124428,27.85,Brazil,"State of Paraiba, Brazil",UFPB-21,Reservoir,-6.854139,-35.300833,2/10/22
1C22,,UFPB,UFPB-S005,17145383,8300053,32.62,Brazil,"State of Paraiba, Brazil",UFPB-22,River,-6.858056,-35.367778,2/10/22
1C23,,UFPB,UFPB-S006,19772443,9276145,31.93,Brazil,"State of Paraiba, Brazil",UFPB-23,River,-6.86275,-35.358889,2/10/22
1C51,,UFPB,UFPB-S007,15583790,9452418,37.75,Brazil,"State of Paraiba, Brazil",UFPB-51,Reservoir,-7.434139,-35.566333,2/11/22
1C52,,UFPB,UFPB-S008,15837353,11283918,41.61,Brazil,"State of Paraiba, Brazil",UFPB-52,Reservoir,-7.434833,-35.564361,2/11/22
1C53,,UFPB,UFPB-S009,15970497,8027676,33.45,Brazil,"State of Paraiba, Brazil",UFPB-53,River,-7.444333,-35.558889,2/11/22
1C61,,UFPB,UFPB-S010,21348367,8748941,29.07,Brazil,"State of Paraiba, Brazil",UFPB-61,Reservoir,-6.844306,-38.315611,2/17/22
1C62,,UFPB,UFPB-S011,12400999,5124115,29.24,Brazil,"State of Paraiba, Brazil",UFPB-62,Reservoir,-6.845611,-38.311194,2/17/22
1C64,,UFPB,UFPB-S012,9111972,4337850,32.25,Brazil,"State of Paraiba, Brazil",UFPB-64,Reservoir,-6.847556,-38.309417,2/17/22
1C71,,UFPB,UFPB-S013,17967309,6864988,27.65,Brazil,"State of Paraiba, Brazil",UFPB-71,Reservoir,-7.024111,-37.953444,2/17/22
1C72,,UFPB,UFPB-S014,15139409,6302262,29.39,Brazil,"State of Paraiba, Brazil",UFPB-72,Reservoir,-7.026417,-37.943556,2/17/22
1C73,,UFPB,UFPB-S015,15790494,6265745,28.41,Brazil,"State of Paraiba, Brazil",UFPB-73,Reservoir,-7.023778,-37.946528,2/17/22
1C101,,UFPB,UFPB-S016,15230385,4892164,24.31,Brazil,"State of Paraiba, Brazil",UFPB-101,Reservoir,-6.986694,-38.455083,2/17/22
1C102,,UFPB,UFPB-S017,20499626,5891269,22.32,Brazil,"State of Paraiba, Brazil",UFPB-102,Reservoir,-6.990972,-38.455333,2/17/22
1C103,,UFPB,UFPB-S018,15532927,3140412,16.82,Brazil,"State of Paraiba, Brazil",UFPB-103,River,-6.982722,-38.453417,2/17/22
2C21,,UFPB,UFPB-S019,15594526,4650243,22.97,Brazil,"State of Paraiba, Brazil",UFPB-21,Reservoir,-6.854139,-35.300833,3/8/22
2C22,,UFPB,UFPB-S020,7998760,3366486,29.62,Brazil,"State of Paraiba, Brazil",UFPB-22,River,-6.858056,-35.367778,3/8/22
2C23,,UFPB,UFPB-S021,12508846,3762647,23.12,Brazil,"State of Paraiba, Brazil",UFPB-23,River,-6.86275,-35.358889,3/8/22
2C51,,UFPB,UFPB-S022,7974738,6202282,43.75,Brazil,"State of Paraiba, Brazil",UFPB-51,Reservoir,-7.434139,-35.566333,3/9/22
2C52,,UFPB,UFPB-S023,11055168,8859415,44.49,Brazil,"State of Paraiba, Brazil",UFPB-52,Reservoir,-7.434833,-35.564361,3/9/22
2C53,,UFPB,UFPB-S024,11025038,4546260,29.2,Brazil,"State of Paraiba, Brazil",UFPB-53,River,-7.444333,-35.558889,3/9/22
2C61,,UFPB,UFPB-S025,15347070,7140823,31.75,Brazil,"State of Paraiba, Brazil",UFPB-61,Reservoir,-6.844306,-38.315611,3/20/22
2C62,,UFPB,UFPB-S026,9889267,3057926,23.62,Brazil,"State of Paraiba, Brazil",UFPB-62,Reservoir,-6.845611,-38.311194,3/20/22
2C64,,UFPB,UFPB-S027,11521674,5717536,33.17,Brazil,"State of Paraiba, Brazil",UFPB-64,Reservoir,-6.847556,-38.309417,3/20/22
2C71,,UFPB,UFPB-S028,13516136,5643998,29.46,Brazil,"State of Paraiba, Brazil",UFPB-71,Reservoir,-7.024111,-37.953444,3/20/22
2C72,,UFPB,UFPB-S029,8272985,3280736,28.4,Brazil,"State of Paraiba, Brazil",UFPB-72,Reservoir,-7.026417,-37.943556,3/20/22
2C73,,UFPB,UFPB-S030,10425359,4294977,29.18,Brazil,"State of Paraiba, Brazil",UFPB-73,Reservoir,-7.023778,-37.946528,3/20/22
2C101,,UFPB,UFPB-S031,13092537,4668752,26.29,Brazil,"State of Paraiba, Brazil",UFPB-101,Reservoir,-6.986694,-38.455083,3/20/22
2C102,,UFPB,UFPB-S032,11728866,3664192,23.8,Brazil,"State of Paraiba, Brazil",UFPB-102,Reservoir,-6.990972,-38.455333,3/20/22
2C103,,UFPB,UFPB-S033,18602103,3862221,17.19,Brazil,"State of Paraiba, Brazil",UFPB-103,River,-6.982722,-38.453417,3/20/22
3C21,,UFPB,UFPB-S034,15273989,6271720,29.11,Brazil,"State of Paraiba, Brazil",UFPB-21,Reservoir,-6.854139,-35.300833,4/7/22
3C22,,UFPB,UFPB-S035,17694195,6238556,26.07,Brazil,"State of Paraiba, Brazil",UFPB-22,River,-6.858056,-35.367778,4/7/22
3C23,,UFPB,UFPB-S036,16757272,4304419,20.44,Brazil,"State of Paraiba, Brazil",UFPB-23,River,-6.86275,-35.358889,4/7/22
3C51,,UFPB,UFPB-S037,8534429,5205043,37.88,Brazil,"State of Paraiba, Brazil",UFPB-51,Reservoir,-7.434139,-35.566333,4/5/22
3C52,,UFPB,UFPB-S038,9388847,5216436,35.72,Brazil,"State of Paraiba, Brazil",UFPB-52,Reservoir,-7.434833,-35.564361,4/5/22
3C53,,UFPB,UFPB-S039,15497152,6012731,27.95,Brazil,"State of Paraiba, Brazil",UFPB-53,River,-7.444333,-35.558889,4/5/22
3C61,,UFPB,UFPB-S040,17162904,8362979,32.76,Brazil,"State of Paraiba, Brazil",UFPB-61,Reservoir,-6.844306,-38.315611,4/24/22
3C62,,UFPB,UFPB-S041,13196501,3776557,22.25,Brazil,"State of Paraiba, Brazil",UFPB-62,Reservoir,-6.845611,-38.311194,4/24/22
3C64,,UFPB,UFPB-S042,7914267,9099898,53.48,Brazil,"State of Paraiba, Brazil",UFPB-64,Reservoir,-6.847556,-38.309417,4/24/22
3C71,,UFPB,UFPB-S043,11999659,7202291,37.51,Brazil,"State of Paraiba, Brazil",UFPB-71,Reservoir,-7.024111,-37.953444,4/24/22
3C72,,UFPB,UFPB-S044,10894257,6139855,36.04,Brazil,"State of Paraiba, Brazil",UFPB-72,Reservoir,-7.026417,-37.943556,4/24/22
3C73,,UFPB,UFPB-S045,10224712,3803990,27.12,Brazil,"State of Paraiba, Brazil",UFPB-73,Reservoir,-7.023778,-37.946528,4/24/22
3C101,,UFPB,UFPB-S046,11352378,2796149,19.76,Brazil,"State of Paraiba, Brazil",UFPB-101,Reservoir,-6.986694,-38.455083,4/24/22
3C102,,UFPB,UFPB-S047,8112794,5787923,41.64,Brazil,"State of Paraiba, Brazil",UFPB-102,Reservoir,-6.990972,-38.455333,4/24/22
3C103,,UFPB,UFPB-S048,12258293,3162047,20.51,Brazil,"State of Paraiba, Brazil",UFPB-103,River,-6.982722,-38.453417,4/24/22
4C21,,UFPB,UFPB-S049,13908555,11246418,44.71,Brazil,"State of Paraiba, Brazil",UFPB-21,Reservoir,-6.854139,-35.300833,5/3/22
4C22,,UFPB,UFPB-S050,15779744,7227199,31.41,Brazil,"State of Paraiba, Brazil",UFPB-22,River,-6.858056,-35.367778,5/3/22
4C23,,UFPB,UFPB-S051,15367993,6415622,29.45,Brazil,"State of Paraiba, Brazil",UFPB-23,River,-6.86275,-35.358889,5/3/22
4C51,,UFPB,UFPB-S052,9777396,8954841,47.8,Brazil,"State of Paraiba, Brazil",UFPB-51,Reservoir,-7.434139,-35.566333,5/4/22
4C52,,UFPB,UFPB-S053,13337286,7916266,37.25,Brazil,"State of Paraiba, Brazil",UFPB-52,Reservoir,-7.434833,-35.564361,5/4/22
4C53,,UFPB,UFPB-S054,12137920,12130168,49.98,Brazil,"State of Paraiba, Brazil",UFPB-53,River,-7.444333,-35.558889,5/4/22
4C61,,UFPB,UFPB-S055,11296164,2956187,20.74,Brazil,"State of Paraiba, Brazil",UFPB-61,Reservoir,-6.844306,-38.315611,5/29/22
4C62,,UFPB,UFPB-S056,15217907,3950187,20.61,Brazil,"State of Paraiba, Brazil",UFPB-62,Reservoir,-6.845611,-38.311194,5/29/22
4C64,,UFPB,UFPB-S057,12163025,3798511,23.8,Brazil,"State of Paraiba, Brazil",UFPB-64,Reservoir,-6.847556,-38.309417,5/29/22
4C71,,UFPB,UFPB-S058,12102777,3790762,23.85,Brazil,"State of Paraiba, Brazil",UFPB-71,Reservoir,-7.024111,-37.953444,5/29/22
4C72,,UFPB,UFPB-S059,10177462,3357932,24.81,Brazil,"State of Paraiba, Brazil",UFPB-72,Reservoir,-7.026417,-37.943556,5/29/22
4C101,,UFPB,UFPB-S060,8203547,4713745,36.49,Brazil,"State of Paraiba, Brazil",UFPB-101,Reservoir,-6.986694,-38.455083,5/29/22
4C102,,UFPB,UFPB-S061,13536145,4105451,23.27,Brazil,"State of Paraiba, Brazil",UFPB-102,Reservoir,-6.990972,-38.455333,5/29/22
4C103,,UFPB,UFPB-S062,12293029,1345545,9.87,Brazil,"State of Paraiba, Brazil",UFPB-103,River,-6.982722,-38.453417,5/29/22
5C21,,UFPB,UFPB-S063,21546989,4293069,16.61,Brazil,"State of Paraiba, Brazil",UFPB-21,Reservoir,-6.854139,-35.300833,8/24/22
5C22,,UFPB,UFPB-S064,20375792,3613489,15.06,Brazil,"State of Paraiba, Brazil",UFPB-22,River,-6.858056,-35.367778,8/24/22
5C23,,UFPB,UFPB-S065,14130143,2319217,14.1,Brazil,"State of Paraiba, Brazil",UFPB-23,River,-6.86275,-35.358889,8/24/22
5C51,,UFPB,UFPB-S066,17688889,9333933,34.54,Brazil,"State of Paraiba, Brazil",UFPB-51,Reservoir,-7.434139,-35.566333,8/23/22
5C52,,UFPB,UFPB-S067,13931847,3586278,20.47,Brazil,"State of Paraiba, Brazil",UFPB-52,Reservoir,-7.434833,-35.564361,8/23/22
5C53,,UFPB,UFPB-S068,22516291,6622234,22.73,Brazil,"State of Paraiba, Brazil",UFPB-53,River,-7.444333,-35.558889,8/23/22
5C61,,UFPB,UFPB-S069,12893996,4272342,24.89,Brazil,"State of Paraiba, Brazil",UFPB-61,Reservoir,-6.844306,-38.315611,8/28/22
5C62,,UFPB,UFPB-S070,13610777,2009443,12.86,Brazil,"State of Paraiba, Brazil",UFPB-62,Reservoir,-6.845611,-38.311194,8/28/22
5C64,,UFPB,UFPB-S071,19549011,4306600,18.05,Brazil,"State of Paraiba, Brazil",UFPB-64,Reservoir,-6.847556,-38.309417,8/28/22
5C71,,UFPB,UFPB-S072,9980617,2908453,22.57,Brazil,"State of Paraiba, Brazil",UFPB-71,Reservoir,-7.024111,-37.953444,8/28/22
5C72,,UFPB,UFPB-S073,12354878,6534808,34.59,Brazil,"State of Paraiba, Brazil",UFPB-72,Reservoir,-7.026417,-37.943556,8/28/22
5C73,,UFPB,UFPB-S074,14942383,8025372,34.94,Brazil,"State of Paraiba, Brazil",UFPB-73,Reservoir,-7.023778,-37.946528,8/28/22
5C101,,UFPB,UFPB-S075,13307387,4668134,25.97,Brazil,"State of Paraiba, Brazil",UFPB-101,Reservoir,-6.986694,-38.455083,8/28/22
5C102,,UFPB,UFPB-S076,3057486,19910978,86.69,Brazil,"State of Paraiba, Brazil",UFPB-102,Reservoir,-6.990972,-38.455333,8/28/22
5C103,,UFPB,UFPB-S077,8567249,4663331,35.25,Brazil,"State of Paraiba, Brazil",UFPB-103,River,-6.982722,-38.453417,8/28/22
6C21,,UFPB,UFPB-S078,11563337,1088663,8.6,Brazil,"State of Paraiba, Brazil",UFPB-21,Reservoir,-6.854139,-35.300833,11/8/22
6C22,,UFPB,UFPB-S079,12510393,2785063,18.21,Brazil,"State of Paraiba, Brazil",UFPB-22,River,-6.858056,-35.367778,11/8/22
6C23,,UFPB,UFPB-S080,15515436,3784705,19.61,Brazil,"State of Paraiba, Brazil",UFPB-23,River,-6.86275,-35.358889,11/8/22
6C51,,UFPB,UFPB-S081,15075166,5988946,28.43,Brazil,"State of Paraiba, Brazil",UFPB-51,Reservoir,-7.434139,-35.566333,11/9/22
6C52,,UFPB,UFPB-S082,13962384,4080579,22.62,Brazil,"State of Paraiba, Brazil",UFPB-52,Reservoir,-7.434833,-35.564361,11/9/22
6C53,,UFPB,UFPB-S083,20459054,6817780,24.99,Brazil,"State of Paraiba, Brazil",UFPB-53,River,-7.444333,-35.558889,11/9/22
6C61,,UFPB,UFPB-S084,13521775,5482607,28.85,Brazil,"State of Paraiba, Brazil",UFPB-61,Reservoir,-6.844306,-38.315611,11/6/22
6C62,,UFPB,UFPB-S085,3724157,13599042,78.5,Brazil,"State of Paraiba, Brazil",UFPB-62,Reservoir,-6.845611,-38.311194,11/6/22
6C64,,UFPB,UFPB-S086,12473490,5994593,32.46,Brazil,"State of Paraiba, Brazil",UFPB-64,Reservoir,-6.847556,-38.309417,11/6/22
6C71,,UFPB,UFPB-S087,11809277,4627749,28.15,Brazil,"State of Paraiba, Brazil",UFPB-71,Reservoir,-7.024111,-37.953444,11/6/22
6C72,,UFPB,UFPB-S088,8819761,3432001,28.01,Brazil,"State of Paraiba, Brazil",UFPB-72,Reservoir,-7.026417,-37.943556,11/6/22
6C73,,UFPB,UFPB-S089,15556103,6638356,29.91,Brazil,"State of Paraiba, Brazil",UFPB-73,Reservoir,-7.023778,-37.946528,11/6/22
6C101,,UFPB,UFPB-S090,7827419,7708609,49.62,Brazil,"State of Paraiba, Brazil",UFPB-101,Reservoir,-6.986694,-38.455083,11/6/22
6C102,,UFPB,UFPB-S091,11427938,5353729,31.9,Brazil,"State of Paraiba, Brazil",UFPB-102,Reservoir,-6.990972,-38.455333,11/6/22
6C103,,UFPB,UFPB-S092,20384250,10564311,34.14,Brazil,"State of Paraiba, Brazil",UFPB-103,River,-6.982722,-38.453417,11/6/22
MAP5-1A,,INTA,INTA-S001,9592845,3468371,26.55,Chile,"Mapocho river region, Chile",MAP-01,River,-33.334658,-70.364091,11/16/21
MAP5-2A,,INTA,INTA-S002,16329372,6264201,27.73,Chile,"Mapocho river region, Chile",MAP-02,River,-33.351906,-70.366685,11/16/21
MAP5-3A,,INTA,INTA-S003,8228326,5302258,39.19,Chile,"Mapocho river region, Chile",MAP-03,River,-33.417785,-70.60916,11/16/21
MAP5-4A,,INTA,INTA-S004,3755290,12252169,76.54,Chile,"Mapocho river region, Chile",MAP-06,Pond,-33.42857,-70.839769,11/17/21
MAP5-5A,,INTA,INTA-S005,13393734,11859666,46.96,Chile,"Mapocho river region, Chile",MAP-08,River,-33.447696,-70.823564,11/17/21
MAP5-6A,,INTA,INTA-S006,13907811,11379750,45,Chile,"Mapocho river region, Chile",MAP-11,Irrigation Canal,-33.514562,-70.825545,11/17/21
MAP5-7A,,INTA,INTA-S007,13904824,8705849,38.5,Chile,"Mapocho river region, Chile",MAP-13,Irrigation Canal,-33.525563,-70.827304,11/18/21
MAP5-8A,,INTA,INTA-S008,12678256,9926017,43.91,Chile,"Mapocho river region, Chile",MAP-15,River,-33.549235,-70.828688,11/18/21
MAP5-9B,,INTA,INTA-S009,14330835,11479562,44.48,Chile,"Mapocho river region, Chile",MAP-19,Irrigation Canal,-33.610436,-70.905378,11/18/21
MAP5-10B,,INTA,INTA-S010,17026650,10132223,37.31,Chile,"Mapocho river region, Chile",MAP-20,River,-33.605337,-70.909658,11/19/21
MAP5-11B,,INTA,INTA-S011,12367394,9436918,43.28,Chile,"Mapocho river region, Chile",MAP-22,Irrigation Canal,-33.613358,-70.939374,11/18/21
MAP5-12B,,INTA,INTA-S012,10389425,7258886,41.13,Chile,"Mapocho river region, Chile",MAP-23,Irrigation Canal,-33.637548,-70.912485,11/18/21
MAP5-13B,,INTA,INTA-S013,13321678,7494171,36,Chile,"Mapocho river region, Chile",MAP-25,Irrigation Canal,-33.684845,-70.95953,11/19/21
MAP5-14B,,INTA,INTA-S014,13394235,8814055,39.69,Chile,"Mapocho river region, Chile",MAP-26,River,-33.660121,-70.935278,11/19/21
MAP5-15B,,INTA,INTA-S015,15844404,3648651,18.72,Chile,"Mapocho river region, Chile",MAP-28,River,-33.684725,-70.983374,11/19/21
MAP6-16C,,INTA,INTA-S016,16496876,6302338,27.64,Chile,"Mapocho river region, Chile",MAP-01,River,-33.334658,-70.364091,12/6/21
MAP6-17C,,INTA,INTA-S017,13834974,5497903,28.44,Chile,"Mapocho river region, Chile",MAP-02,River,-33.351906,-70.366685,12/6/21
MAP6-18C,,INTA,INTA-S018,11250470,6236079,35.66,Chile,"Mapocho river region, Chile",MAP-03,River,-33.417785,-70.60916,12/6/21
MAP6-19C,,INTA,INTA-S019,9432069,16540228,63.68,Chile,"Mapocho river region, Chile",MAP-06,Pond,-33.42857,-70.839769,12/7/21
MAP6-21C,,INTA,INTA-S020,7827301,4439421,36.19,Chile,"Mapocho river region, Chile",MAP-11,Irrigation Canal,-33.514562,-70.825545,12/8/21
MAP6-22C,,INTA,INTA-S021,16361875,10036737,38.02,Chile,"Mapocho river region, Chile",MAP-13,Irrigation Canal,-33.525563,-70.827304,12/8/21
MAP6-23C,,INTA,INTA-S022,9872827,9872739,50,Chile,"Mapocho river region, Chile",MAP-15,River,-33.549235,-70.828688,12/8/21
MAP6-24D,,INTA,INTA-S023,11093989,8014078,41.94,Chile,"Mapocho river region, Chile",MAP-19,Irrigation Canal,-33.610436,-70.905378,12/8/21
MAP6-25D,,INTA,INTA-S024,14466856,8825020,37.89,Chile,"Mapocho river region, Chile",MAP-20,River,-33.605337,-70.909658,12/8/21
MAP6-26D,,INTA,INTA-S025,11250164,6852434,37.85,Chile,"Mapocho river region, Chile",MAP-22,Irrigation Canal,-33.613358,-70.939374,12/8/21
MAP6-27D,,INTA,INTA-S026,10909195,8562637,43.97,Chile,"Mapocho river region, Chile",MAP-23,Irrigation Canal,-33.637548,-70.912485,12/8/21
MAP6-28D,,INTA,INTA-S027,12994576,7123981,35.41,Chile,"Mapocho river region, Chile",MAP-25,Irrigation Canal,-33.684845,-70.95953,12/9/21
MAP6-29D,,INTA,INTA-S028,13369701,7519494,36,Chile,"Mapocho river region, Chile",MAP-26,River,-33.660121,-70.935278,12/9/21
MAP6-30D,,INTA,INTA-S029,13590407,6330944,31.78,Chile,"Mapocho river region, Chile",MAP-28,River,-33.684725,-70.983374,12/9/21
MAP7-31E,,INTA,INTA-S030,15389457,6138946,28.52,Chile,"Mapocho river region, Chile",MAP-01,River,-33.334658,-70.364091,1/3/22
MAP7-32E,,INTA,INTA-S031,12580481,5430507,30.15,Chile,"Mapocho river region, Chile",MAP-02,River,-33.351906,-70.366685,1/3/22
MAP7-34E,,INTA,INTA-S032,4837230,17407007,78.25,Chile,"Mapocho river region, Chile",MAP-06,Pond,-33.42857,-70.839769,1/3/22
MAP7-35E,,INTA,INTA-S033,8529124,10913033,56.13,Chile,"Mapocho river region, Chile",MAP-08,River,-33.447696,-70.823564,1/4/22
MAP7-36E,,INTA,INTA-S034,14423118,14032930,49.31,Chile,"Mapocho river region, Chile",MAP-11,Irrigation Canal,-33.514562,-70.825545,1/4/22
MAP7-37E,,INTA,INTA-S035,13120986,6481003,33.06,Chile,"Mapocho river region, Chile",MAP-13,Irrigation Canal,-33.525563,-70.827304,1/4/22
MAP7-38F,,INTA,INTA-S036,11111352,11483015,50.82,Chile,"Mapocho river region, Chile",MAP-15,River,-33.549235,-70.828688,1/4/22
MAP7-39F,,INTA,INTA-S037,12489300,9344511,42.8,Chile,"Mapocho river region, Chile",MAP-19,Irrigation Canal,-33.610436,-70.905378,1/4/22
MAP7-40F,,INTA,INTA-S038,13557206,6173741,31.29,Chile,"Mapocho river region, Chile",MAP-20,River,-33.605337,-70.909658,1/5/22
MAP7-41F,,INTA,INTA-S039,12721402,8966700,41.34,Chile,"Mapocho river region, Chile",MAP-22,Irrigation Canal,-33.613358,-70.939374,1/4/22
MAP7-42G,,INTA,INTA-S040,7956176,6729106,45.82,Chile,"Mapocho river region, Chile",MAP-23,Irrigation Canal,-33.637548,-70.912485,1/4/22
MAP7-43G,,INTA,INTA-S041,16639059,8570665,34,Chile,"Mapocho river region, Chile",MAP-25,Irrigation Canal,-33.684845,-70.95953,1/5/22
MAP7-44G,,INTA,INTA-S042,13028128,6192910,32.22,Chile,"Mapocho river region, Chile",MAP-26,River,-33.660121,-70.935278,1/5/22
MAP7-45G,,INTA,INTA-S043,16367868,5816657,26.22,Chile,"Mapocho river region, Chile",MAP-28,River,-33.684725,-70.983374,1/5/22
MAP8-46H,,INTA,INTA-S044,10602044,3655675,25.64,Chile,"Mapocho river region, Chile",MAP-01,River,-33.334658,-70.364091,3/28/22
MAP8-47H,,INTA,INTA-S045,11037370,4764239,30.15,Chile,"Mapocho river region, Chile",MAP-02,River,-33.351906,-70.366685,3/28/22
MAP8-48H,,INTA,INTA-S046,16743416,8736690,34.29,Chile,"Mapocho river region, Chile",MAP-03,River,-33.417785,-70.60916,3/28/22
MAP8-49H,,INTA,INTA-S047,3060794,14371892,82.44,Chile,"Mapocho river region, Chile",MAP-06,Pond,-33.42857,-70.839769,3/29/22
MAP8-50H,,INTA,INTA-S048,13941164,2982500,17.62,Chile,"Mapocho river region, Chile",MAP-08,River,-33.447696,-70.823564,3/29/22
MAP8-51H,,INTA,INTA-S049,9960311,4899145,32.97,Chile,"Mapocho river region, Chile",MAP-11,Irrigation Canal,-33.514562,-70.825545,3/29/22
MAP8-52H,,INTA,INTA-S050,14239556,5920660,29.37,Chile,"Mapocho river region, Chile",MAP-13,Irrigation Canal,-33.525563,-70.827304,3/29/22
MAP8-53H,,INTA,INTA-S051,17547235,11388663,39.36,Chile,"Mapocho river region, Chile",MAP-15,River,-33.549235,-70.828688,3/29/22
MAP8-54H,,INTA,INTA-S052,10616239,7467988,41.3,Chile,"Mapocho river region, Chile",MAP-19,Irrigation Canal,-33.610436,-70.905378,3/30/22
MAP8-55H,,INTA,INTA-S053,12520374,6251871,33.3,Chile,"Mapocho river region, Chile",MAP-20,River,-33.605337,-70.909658,3/30/22
MAP8-56H,,INTA,INTA-S054,12768663,8361089,39.57,Chile,"Mapocho river region, Chile",MAP-22,Irrigation Canal,-33.613358,-70.939374,3/30/22
MAP8-57H,,INTA,INTA-S055,12594754,7923358,38.62,Chile,"Mapocho river region, Chile",MAP-23,Irrigation Canal,-33.637548,-70.912485,3/30/22
MAP8-58H,,INTA,INTA-S056,15531293,7579333,32.8,Chile,"Mapocho river region, Chile",MAP-25,Irrigation Canal,-33.684845,-70.95953,3/30/22
MAP8-59H,,INTA,INTA-S057,12538338,8924585,41.58,Chile,"Mapocho river region, Chile",MAP-26,River,-33.660121,-70.935278,4/1/22
MAP8-60H,,INTA,INTA-S058,20229545,7210950,26.28,Chile,"Mapocho river region, Chile",MAP-28,River,-33.684725,-70.983374,3/30/22
MAP9-61J,,INTA,INTA-S059,10791937,6330141,36.97,Chile,"Mapocho river region, Chile",MAP-01,River,-33.334631,-70.364183,4/18/22
MAP9-62J,,INTA,INTA-S060,11639747,5230203,31,Chile,"Mapocho river region, Chile",MAP-02,River,-33.352086,-70.366979,4/18/22
MAP9-63J,,INTA,INTA-S061,16579788,7786263,31.96,Chile,"Mapocho river region, Chile",MAP-03,River,-33.417749,-70.609169,4/18/22
MAP9-64J,,INTA,INTA-S062,5017471,29915567,85.64,Chile,"Mapocho river region, Chile",MAP-06,Pond,-33.428677,-70.839903,4/18/22
MAP9-65J,,INTA,INTA-S063,14437086,9210624,38.95,Chile,"Mapocho river region, Chile",MAP-08,River,-33.447557,-70.823274,4/19/22
MAP9-66J,,INTA,INTA-S064,13061947,7202589,35.54,Chile,"Mapocho river region, Chile",MAP-11,Irrigation Canal,-33.514559,-70.825456,4/19/22
MAP9-67J,,INTA,INTA-S065,13413866,7221498,35,Chile,"Mapocho river region, Chile",MAP-13,Irrigation Canal,-33.525659,-70.827936,4/19/22
MAP9-68J,,INTA,INTA-S066,17213834,13398084,43.77,Chile,"Mapocho river region, Chile",MAP-15,River,-33.549068,-70.828604,4/19/22
MAP9-69J,,INTA,INTA-S067,15683321,11026242,41.28,Chile,"Mapocho river region, Chile",MAP-19,Irrigation Canal,-33.61047,-70.905449,4/20/22
MAP9-70J,,INTA,INTA-S068,14597595,7257244,33.21,Chile,"Mapocho river region, Chile",MAP-20,River,-33.604892,-70.910395,4/20/22
MAP9-71J,,INTA,INTA-S069,19292845,10412301,35.05,Chile,"Mapocho river region, Chile",MAP-22,Irrigation Canal,-33.613383,-70.939327,4/20/22
MAP9-72J,,INTA,INTA-S070,12974646,9392456,41.99,Chile,"Mapocho river region, Chile",MAP-23,Irrigation Canal,-33.637747,-70.91259,4/20/22
MAP9-73J,,INTA,INTA-S071,11987600,9536450,44.31,Chile,"Mapocho river region, Chile",MAP-25,Irrigation Canal,-33.684833,-70.959433,4/20/22
MAP9-74J,,INTA,INTA-S072,13742974,9740737,41.48,Chile,"Mapocho river region, Chile",MAP-27,Irrigation Canal,-33.678322,-70.955734,4/20/22
MAP9-75J,,INTA,INTA-S073,17707526,6992111,28.31,Chile,"Mapocho river region, Chile",MAP-28,River,-33.684706,-70.983554,4/20/22
MAP10-76K,,INTA,INTA-S074,14110333,5783288,29.07,Chile,"Mapocho river region, Chile",MAP-01,River,-33.334614,-70.364237,5/9/22
MAP10-77K,,INTA,INTA-S075,11437675,5136632,30.99,Chile,"Mapocho river region, Chile",MAP-02,River,-33.351824,-70.36685,5/9/22
MAP10-78K,,INTA,INTA-S076,11697201,6246102,34.81,Chile,"Mapocho river region, Chile",MAP-03,River,-33.417649,-70.609359,5/9/22
MAP10-79K,,INTA,INTA-S077,6096697,24291417,79.94,Chile,"Mapocho river region, Chile",MAP-06,Pond,-33.428353,-70.839904,5/9/22
MAP10-80K,,INTA,INTA-S078,5328658,17230918,76.38,Chile,"Mapocho river region, Chile",MAP-08,River,-33.449068,-70.824672,5/10/22
MAP10-81K,,INTA,INTA-S079,11160674,7570002,40.41,Chile,"Mapocho river region, Chile",MAP-11,Irrigation Canal,-33.514323,-70.825939,5/10/22
MAP10-82K,,INTA,INTA-S080,18255615,7923028,30.27,Chile,"Mapocho river region, Chile",MAP-13,Irrigation Canal,-33.526721,-70.825335,5/10/22
MAP10-83K,,INTA,INTA-S081,10741911,8143639,43.12,Chile,"Mapocho river region, Chile",MAP-15,River,-33.545465,-70.828915,5/10/22
MAP10-84K,,INTA,INTA-S082,13037789,4811086,26.95,Chile,"Mapocho river region, Chile",MAP-19,Irrigation Canal,-33.610458,-70.905103,5/10/22
MAP10-85K,,INTA,INTA-S083,13910140,9587004,40.8,Chile,"Mapocho river region, Chile",MAP-20,River,-33.604891,-70.910173,5/11/22
MAP10-86K,,INTA,INTA-S084,11204629,5742396,33.88,Chile,"Mapocho river region, Chile",MAP-22,Irrigation Canal,-33.613422,-70.939365,5/11/22
MAP10-87K,,INTA,INTA-S085,10299488,4261922,29.27,Chile,"Mapocho river region, Chile",MAP-23,Irrigation Canal,-33.637785,-70.912608,5/10/22
MAP10-88K,,INTA,INTA-S086,7589377,6107312,44.59,Chile,"Mapocho river region, Chile",MAP-25,Irrigation Canal,-33.684677,-70.95938,5/11/22
MAP10-89K,,INTA,INTA-S087,7340190,8272657,52.99,Chile,"Mapocho river region, Chile",MAP-27,Irrigation Canal,-33.678239,-70.955294,5/11/22
MAP10-90K,,INTA,INTA-S088,10577667,4572619,30.18,Chile,"Mapocho river region, Chile",MAP-28,River,-33.684752,-70.983479,5/11/22
MAP11-91L,,INTA,INTA-S089,7805934,4147782,34.7,Chile,"Mapocho river region, Chile",MAP-01,River,-33.334736,-70.364462,6/6/22
MAP11-92L,,INTA,INTA-S090,10691540,5598182,34.37,Chile,"Mapocho river region, Chile",MAP-02,River,-33.351877,-70.366789,6/6/22
MAP11-93L,,INTA,INTA-S091,9399748,5325010,36.16,Chile,"Mapocho river region, Chile",MAP-03,River,-33.417779,-70.609174,6/6/22
MAP11-94L,,INTA,INTA-S092,3258687,20782884,86.45,Chile,"Mapocho river region, Chile",MAP-06,Pond,-33.42864,-70.839885,6/6/22
MAP11-95L,,INTA,INTA-S093,7004107,11239198,61.61,Chile,"Mapocho river region, Chile",MAP-08,River,-33.447635,-70.823517,6/6/22
MAP11-96L,,INTA,INTA-S094,10658354,8176750,43.41,Chile,"Mapocho river region, Chile",MAP-11,Irrigation Canal,-33.514484,-70.825493,6/7/22
MAP11-97L,,INTA,INTA-S095,11455938,6354432,35.68,Chile,"Mapocho river region, Chile",MAP-13,Irrigation Canal,-33.525666,-70.827874,6/7/22
MAP11-98L,,INTA,INTA-S096,13567864,11930556,46.79,Chile,"Mapocho river region, Chile",MAP-15,River,-33.54828,-70.828563,6/7/22
MAP11-99L,,INTA,INTA-S097,11071458,3994394,26.51,Chile,"Mapocho river region, Chile",MAP-19,Irrigation Canal,-33.61042,-70.905304,6/7/22
MAP11-100L,,INTA,INTA-S098,17416964,9176574,34.51,Chile,"Mapocho river region, Chile",MAP-20,River,-33.604867,-70.91011,6/8/22
MAP11-101L,,INTA,INTA-S099,6478880,4693974,42.01,Chile,"Mapocho river region, Chile",MAP-22,Irrigation Canal,-33.613391,-70.939301,6/8/22
MAP11-102L,,INTA,INTA-S100,13095770,7666521,36.93,Chile,"Mapocho river region, Chile",MAP-23,Irrigation Canal,-33.637684,-70.912514,6/7/22
MAP11-103L,,INTA,INTA-S101,5595578,6442499,53.52,Chile,"Mapocho river region, Chile",MAP-25,Irrigation Canal,-33.684759,-70.959454,6/8/22
MAP11-104L,,INTA,INTA-S102,7086044,8678729,55.05,Chile,"Mapocho river region, Chile",MAP-27,Irrigation Canal,-33.678208,-70.955296,6/8/22
MAP11-105L,,INTA,INTA-S103,10632625,5634396,34.64,Chile,"Mapocho river region, Chile",MAP-28,River,-33.684615,-70.983778,6/8/22
MAP12-106M,,INTA,INTA-S104,14098536,6007925,29.88,Chile,"Mapocho river region, Chile",MAP-01,River,-33.334826,-70.364065,7/4/22
MAP12-107M,,INTA,INTA-S105,11284307,5757680,33.79,Chile,"Mapocho river region, Chile",MAP-02,River,-33.352003,-70.366779,7/4/22
MAP12-108M,,INTA,INTA-S106,26178068,15600689,37.34,Chile,"Mapocho river region, Chile",MAP-03,River,-33.417705,-70.609128,7/4/22
MAP12-109M,,INTA,INTA-S107,2688706,11833213,81.49,Chile,"Mapocho river region, Chile",MAP-06,Pond,-33.428611,-70.839873,7/5/22
MAP12-110M,,INTA,INTA-S108,11180533,6268014,35.92,Chile,"Mapocho river region, Chile",MAP-08,River,-33.44771,-70.823435,7/5/22
MAP12-111M,,INTA,INTA-S109,10218098,9928055,49.28,Chile,"Mapocho river region, Chile",MAP-11,Irrigation Canal,-33.51463,-70.825458,7/5/22
MAP12-112M,,INTA,INTA-S110,10671157,3658603,25.53,Chile,"Mapocho river region, Chile",MAP-13,Irrigation Canal,-33.525674,-70.827861,7/5/22
MAP12-113M,,INTA,INTA-S111,5523889,5616400,50.42,Chile,"Mapocho river region, Chile",MAP-15,River,-33.548233,-70.828506,7/6/22
MAP12-114M,,INTA,INTA-S112,18054237,7209510,28.54,Chile,"Mapocho river region, Chile",MAP-19,Irrigation Canal,-33.610477,-70.905551,7/6/22
MAP12-115M,,INTA,INTA-S113,9786479,8024047,45.05,Chile,"Mapocho river region, Chile",MAP-20,River,-33.604829,-70.910271,7/6/22
MAP12-116M,,INTA,INTA-S114,10446989,8419256,44.63,Chile,"Mapocho river region, Chile",MAP-22,Irrigation Canal,-33.613518,-70.938989,7/6/22
MAP12-117M,,INTA,INTA-S115,12688115,6745131,34.71,Chile,"Mapocho river region, Chile",MAP-23,Irrigation Canal,-33.637807,-70.912627,7/6/22
MAP12-118M,,INTA,INTA-S116,11664076,14619510,55.62,Chile,"Mapocho river region, Chile",MAP-25,Irrigation Canal,-33.684816,-70.959474,7/6/22
MAP12-119M,,INTA,INTA-S117,9967807,8169868,45.04,Chile,"Mapocho river region, Chile",MAP-27,Irrigation Canal,-33.6782,-70.955298,7/6/22
MAP12-120M,,INTA,INTA-S118,11937449,6619845,35.67,Chile,"Mapocho river region, Chile",MAP-28,River,-33.684462,-70.983488,7/6/22
W176,,UFRJ,UFRJ-S001,10568772,5332926,33.54,Brazil,"State of Rio de Janeiro, Brazil",UFRJ-18A2,Creek,-22.318441,-42.822688,11/10/21
W194,,UFRJ,UFRJ-S002,7440829,20359574,73.23,Brazil,"State of Rio de Janeiro, Brazil",UFRJ-34C,River,-22.269845,-42.793139,11/28/21
W195,,UFRJ,UFRJ-S003,9977393,11797849,54.18,Brazil,"State of Rio de Janeiro, Brazil",UFRJ-34E,River,-22.272797,-42.795797,11/28/21
W197,,UFRJ,UFRJ-S004,15367244,9358286,37.85,Brazil,"State of Rio de Janeiro, Brazil",UFRJ-18,Creek,-22.305886,-42.816415,11/28/21
W210,,UFRJ,UFRJ-S005,15011459,11285938,42.92,Brazil,"State of Rio de Janeiro, Brazil",UFRJ-10AVS,Creek,-22.422226,-43.426752,2/15/22
W211,,UFRJ,UFRJ-S006,13812784,12722952,47.95,Brazil,"State of Rio de Janeiro, Brazil",UFRJ-10VS,Creek,-22.439611,-43.440332,2/15/22
W217,,UFRJ,UFRJ-S007,13197248,9395321,41.59,Brazil,"State of Rio de Janeiro, Brazil",UFRJ-2,River,-22.208667,-43.046049,3/24/22
W218,,UFRJ,UFRJ-S008,8269530,12850494,60.85,Brazil,"State of Rio de Janeiro, Brazil",UFRJ-2A,River,-22.197465,-43.043558,3/24/22
W219,,UFRJ,UFRJ-S009,12625417,9780404,43.65,Brazil,"State of Rio de Janeiro, Brazil",UFRJ-2C ,Creek,-22.209324,-43.024179,3/24/22
W220,,UFRJ,UFRJ-S010,9339596,8657783,48.11,Brazil,"State of Rio de Janeiro, Brazil",UFRJ-2B,Creek,-22.215199,-43.020938,3/24/22
W221,,UFRJ,UFRJ-S011,10012091,8286635,45.29,Brazil,"State of Rio de Janeiro, Brazil",UFRJ-3A ,Creek,-22.189204,-42.98576,3/24/22
W222,,UFRJ,UFRJ-S012,12815475,8853960,40.86,Brazil,"State of Rio de Janeiro, Brazil",UFRJ-5,River,-22.175051,-42.978136,3/24/22
W223,,UFRJ,UFRJ-S013,10499891,10171847,49.21,Brazil,"State of Rio de Janeiro, Brazil",UFRJ-7A,Creek,-22.137116,-42.906959,3/24/22
W224,,UFRJ,UFRJ-S014,11892441,10757973,47.5,Brazil,"State of Rio de Janeiro, Brazil",UFRJ-44,Creek,-22.110349,-42.896129,3/24/22
W225,,UFRJ,UFRJ-S015,8065974,5948678,42.45,Brazil,"State of Rio de Janeiro, Brazil",UFRJ-43A,Creek,-22.099478,-42.884308,3/24/22
W226,,UFRJ,UFRJ-S016,10723751,8514283,44.26,Brazil,"State of Rio de Janeiro, Brazil",UFRJ-43,Creek,-22.101078,-42.872949,3/24/22
W227,,UFRJ,UFRJ-S017,8325411,6602859,44.23,Brazil,"State of Rio de Janeiro, Brazil",UFRJ-43B,Creek,-22.099461,-42.871183,3/24/22
W228,,UFRJ,UFRJ-S018,8920837,7972211,47.19,Brazil,"State of Rio de Janeiro, Brazil",UFRJ-8A,River,-22.166685,-42.890652,3/24/22
W229,,UFRJ,UFRJ-S019,7414332,7031074,48.67,Brazil,"State of Rio de Janeiro, Brazil",UFRJ-10,Creek,-22.189979,-42.891661,3/24/22
W230,,UFRJ,UFRJ-S020,10481711,6275205,37.45,Brazil,"State of Rio de Janeiro, Brazil",UFRJ-10A,Creek,-22.200535,-42.896233,3/24/22
W231,,UFRJ,UFRJ-S021,11889166,11297637,48.72,Brazil,"State of Rio de Janeiro, Brazil",UFRJ-27B,Creek,-22.190957,-42.870832,3/24/22
W232,,UFRJ,UFRJ-S022,8149803,6797856,45.48,Brazil,"State of Rio de Janeiro, Brazil",UFRJ-25A,Creek,-22.148706,-42.801713,3/24/22
W233,,UFRJ,UFRJ-S023,5830558,20949847,78.23,Brazil,"State of Rio de Janeiro, Brazil",UFRJ-22,Creek,-22.157242,-42.773796,3/24/22
W235,,UFRJ,UFRJ-S024,10850256,9565551,46.85,Brazil,"State of Rio de Janeiro, Brazil",UFRJ-21A,Creek,-22.159944,-42.772337,3/24/22
W237,,UFRJ,UFRJ-S025,8397168,6244345,42.65,Brazil,"State of Rio de Janeiro, Brazil",UFRJ-21C,Creek,-22.170199,-42.715774,3/24/22
W238,,UFRJ,UFRJ-S026,9517875,8085045,45.93,Brazil,"State of Rio de Janeiro, Brazil",UFRJ-21D,River,-22.176124,-42.70718,3/24/22
W239,,UFRJ,UFRJ-S027,8453328,14730748,63.54,Brazil,"State of Rio de Janeiro, Brazil",UFRJ-29,Creek,-22.277808,-42.927607,3/24/22
W240,,UFRJ,UFRJ-S028,9415148,17074507,64.46,Brazil,"State of Rio de Janeiro, Brazil",UFRJ-30,River,-22.296081,-42.934666,3/24/22
W241,,UFRJ,UFRJ-S029,7684752,7051628,47.85,Brazil,"State of Rio de Janeiro, Brazil",UFRJ-31,Creek,-22.302465,-42.947131,3/24/22
W242,,UFRJ,UFRJ-S030,6847513,7487609,52.23,Brazil,"State of Rio de Janeiro, Brazil",UFRJ-31A,Creek,-22.315205,-42.938049,3/24/22
W243,,UFRJ,UFRJ-S031,8295082,7664800,48.03,Brazil,"State of Rio de Janeiro, Brazil",UFRJ-31B,River,-22.332837,-42.93902,3/24/22
W244,,UFRJ,UFRJ-S032,8098545,14822648,64.67,Brazil,"State of Rio de Janeiro, Brazil",UFRJ-01R,Creek,-22.310638,-43.469909,4/10/22
W245,,UFRJ,UFRJ-S033,5108628,6928972,57.56,Brazil,"State of Rio de Janeiro, Brazil",UFRJ-02R,Creek,-22.299031,-43.453917,4/10/22
W246,,UFRJ,UFRJ-S034,8392619,14561635,63.44,Brazil,"State of Rio de Janeiro, Brazil",UFRJ-03R,Creek,-22.299694,-43.453613,4/10/22
W247,,UFRJ,UFRJ-S035,9253835,7463907,44.65,Brazil,"State of Rio de Janeiro, Brazil",UFRJ-04R,Creek,-22.3079,-43.44886,4/10/22
W248,,UFRJ,UFRJ-S036,6893562,12584399,64.61,Brazil,"State of Rio de Janeiro, Brazil",UFRJ-05R,Creek,-22.309898,-43.443535,4/10/22
W249,,UFRJ,UFRJ-S037,8566847,10644458,55.41,Brazil,"State of Rio de Janeiro, Brazil",UFRJ-06R,Creek,-22.31362,-43.440686,4/10/22
W250,,UFRJ,UFRJ-S038,6488345,10289777,61.33,Brazil,"State of Rio de Janeiro, Brazil",UFRJ-07R,Creek,-22.313914,-43.438803,4/10/22
W252,,UFRJ,UFRJ-S039,9994060,11974793,54.51,Brazil,"State of Rio de Janeiro, Brazil",UFRJ-09R,Creek,-22.26137,-43.448604,4/10/22
W253,,UFRJ,UFRJ-S040,8664425,9890520,53.3,Brazil,"State of Rio de Janeiro, Brazil",UFRJ-10R,Creek,-22.2912,-43.483705,4/10/22
W254,,UFRJ,UFRJ-S041,4302069,9512763,68.86,Brazil,"State of Rio de Janeiro, Brazil",UFRJ-11R,River,-22.370865,-43.689924,4/10/22
W255,,UFRJ,UFRJ-S042,6224611,13711302,68.78,Brazil,"State of Rio de Janeiro, Brazil",UFRJ-12R,River,-22.318644,-43.663876,4/10/22
W257,,UFRJ,UFRJ-S043,7823663,13769639,63.77,Brazil,"State of Rio de Janeiro, Brazil",UFRJ-14R,River,-22.311586,-43.652717,4/10/22
W259,,UFRJ,UFRJ-S044,6441866,12204632,65.45,Brazil,"State of Rio de Janeiro, Brazil",UFRJ-17R,River,-22.301693,-43.618704,4/10/22
W261,,UFRJ,UFRJ-S045,9559533,11137205,53.81,Brazil,"State of Rio de Janeiro, Brazil",UFRJ-19R,River,-22.286009,-43.585452,4/10/22
W262,,UFRJ,UFRJ-S046,9007193,10744539,54.4,Brazil,"State of Rio de Janeiro, Brazil",UFRJ-20R,River,-22.27791,-43.577422,4/10/22
W264,,UFRJ,UFRJ-S047,9351814,9452725,50.27,Brazil,"State of Rio de Janeiro, Brazil",UFRJ-26R,Creek,-22.308833,-43.553728,4/10/22
W265,,UFRJ,UFRJ-S048,8320399,10559692,55.93,Brazil,"State of Rio de Janeiro, Brazil",UFRJ-27R,Creek,-22.34202,-43.55585,4/10/22
W267,,UFRJ,UFRJ-S049,5647283,10000088,63.91,Brazil,"State of Rio de Janeiro, Brazil",UFRJ-29R,Creek,-22.428719,-43.696873,4/10/22
W268,,UFRJ,UFRJ-S050,1965046,19195850,90.71,Brazil,"State of Rio de Janeiro, Brazil",UFRJ-30R,Creek,-22.46839,-43.74193,4/10/22
W270,,UFRJ,UFRJ-S051,5562461,14404400,72.14,Brazil,"State of Rio de Janeiro, Brazil",UFRJ-18B,Creek,-22.360368,-42.874901,5/25/22
W271,,UFRJ,UFRJ-S052,8845107,20996244,70.36,Brazil,"State of Rio de Janeiro, Brazil",UFRJ-18A2,Creek,-22.318441,-42.822688,5/25/22
W274,,UFRJ,UFRJ-S053,3099878,14946556,82.82,Brazil,"State of Rio de Janeiro, Brazil",UFRJ-41,Creek,-22.165138,-42.660423,5/25/22
W275,,UFRJ,UFRJ-S054,7001821,40815345,85.36,Brazil,"State of Rio de Janeiro, Brazil",UFRJ-40,Creek,-22.201302,-42.657442,5/25/22
W276,,UFRJ,UFRJ-S055,4473236,13413487,74.99,Brazil,"State of Rio de Janeiro, Brazil",UFRJ-39,Creek,-22.214064,-42.654188,5/25/22
W277,,UFRJ,UFRJ-S056,5936999,7765497,56.67,Brazil,"State of Rio de Janeiro, Brazil",UFRJ-37,Creek,-22.239154,-42.649245,5/25/22
W278,,UFRJ,UFRJ-S057,13237069,13284688,50.09,Brazil,"State of Rio de Janeiro, Brazil",UFRJ-36,River,-22.251596,-42.661495,5/25/22
W279,,UFRJ,UFRJ-S058,8576200,16082190,65.22,Brazil,"State of Rio de Janeiro, Brazil",UFRJ-36A,Creek,-22.25826,-42.663385,5/25/22
W281,,UFRJ,UFRJ-S059,9340750,14339930,60.56,Brazil,"State of Rio de Janeiro, Brazil",UFRJ-35A,Creek,-22.261165,-42.667472,5/25/22
W283,,UFRJ,UFRJ-S060,8100624,9874725,54.93,Brazil,"State of Rio de Janeiro, Brazil",UFRJ-34A,River,-22.264093,-42.733472,5/25/22
W284,,UFRJ,UFRJ-S061,15303223,14422573,48.52,Brazil,"State of Rio de Janeiro, Brazil",UFRJ-34A1,River,-22.259793,-42.739591,5/25/22
W285,,UFRJ,UFRJ-S062,5247509,23256208,81.59,Brazil,"State of Rio de Janeiro, Brazil",UFRJ-34,River,-22.251784,-42.777735,5/25/22
W286,,UFRJ,UFRJ-S063,9524839,23347766,71.02,Brazil,"State of Rio de Janeiro, Brazil",UFRJ-34A2,Creek,-22.232978,-42.765452,5/25/22
W287,,UFRJ,UFRJ-S064,10928393,19565529,64.16,Brazil,"State of Rio de Janeiro, Brazil",UFRJ-34B,River,-22.264642,-42.787942,5/25/22
W288,,UFRJ,UFRJ-S065,12757746,17860717,58.33,Brazil,"State of Rio de Janeiro, Brazil",UFRJ-34C,River,-22.269845,-42.793139,5/25/22
W289,,UFRJ,UFRJ-S066,6655028,13114171,66.34,Brazil,"State of Rio de Janeiro, Brazil",UFRJ-34D,Creek,-22.280357,-42.779013,5/25/22
W290,,UFRJ,UFRJ-S067,7445302,8691038,53.86,Brazil,"State of Rio de Janeiro, Brazil",UFRJ-34E,Creek,-22.272797,-42.795797,5/25/22
W291,,UFRJ,UFRJ-S068,8547174,10593937,55.35,Brazil,"State of Rio de Janeiro, Brazil",UFRJ-34F,River,-22.289892,-42.81752,5/25/22
W292,,UFRJ,UFRJ-S069,13815656,13664001,49.72,Brazil,"State of Rio de Janeiro, Brazil",UFRJ-10VS,Creek,-22.439611,-43.440332,7/12/22
W293,,UFRJ,UFRJ-S070,7542283,7359209,49.39,Brazil,"State of Rio de Janeiro, Brazil",UFRJ-10AVS,Creek,-22.422226,-43.426752,7/12/22
W294,,UFRJ,UFRJ-S071,12797868,16644841,56.53,Brazil,"State of Rio de Janeiro, Brazil",UFRJ-9D,Creek,-22.4032,-43.420984,7/12/22
W295,,UFRJ,UFRJ-S072,11006344,21435764,66.07,Brazil,"State of Rio de Janeiro, Brazil",UFRJ-9A,Creek,-22.394551,-43.435513,7/12/22
W296,,UFRJ,UFRJ-S073,7611511,15018730,66.37,Brazil,"State of Rio de Janeiro, Brazil",UFRJ-9C,Creek,-22.388097,-43.448211,7/12/22
W297,,UFRJ,UFRJ-S074,5797885,9091075,61.06,Brazil,"State of Rio de Janeiro, Brazil",UFRJ-9,Creek,-22.371693,-43.418746,7/12/22
W298,,UFRJ,UFRJ-S075,8933323,13157207,59.56,Brazil,"State of Rio de Janeiro, Brazil",UFRJ-7F,Creek,-22.304668,-43.311114,7/12/22
W299,,UFRJ,UFRJ-S076,11152105,26299326,70.22,Brazil,"State of Rio de Janeiro, Brazil",UFRJ-7E,Creek,-22.315814,-43.345225,7/12/22
W300,,UFRJ,UFRJ-S077,14641430,26191512,64.14,Brazil,"State of Rio de Janeiro, Brazil",UFRJ-7C1,Creek,-22.328972,-43.369324,7/12/22
W301,,UFRJ,UFRJ-S078,4809897,8980856,65.12,Brazil,"State of Rio de Janeiro, Brazil",UFRJ-7C,Creek,-22.318887,-43.380718,7/12/22
W302,,UFRJ,UFRJ-S079,9663561,18859776,66.12,Brazil,"State of Rio de Janeiro, Brazil",UFRJ-7B,Creek,-22.3275,-43.392542,7/12/22
W303,,UFRJ,UFRJ-S080,11994013,22155208,64.88,Brazil,"State of Rio de Janeiro, Brazil",UFRJ-7AVS,Creek,-22.31937,-43.400631,7/12/22
W304,,UFRJ,UFRJ-S081,10053501,21725339,68.36,Brazil,"State of Rio de Janeiro, Brazil",UFRJ-8,Creek,-22.339105,-43.411111,7/12/22
W305,,UFRJ,UFRJ-S082,9766337,20834293,68.08,Brazil,"State of Rio de Janeiro, Brazil",UFRJ-11B,Creek,-22.427922,-43.418291,7/12/22
W306,,UFRJ,UFRJ-S083,8590488,16806849,66.18,Brazil,"State of Rio de Janeiro, Brazil",UFRJ-14B,Creek,-22.40848,-43.389265,7/12/22
W307,,UFRJ,UFRJ-S084,13077937,23638891,64.38,Brazil,"State of Rio de Janeiro, Brazil",UFRJ-15B,Creek,-22.40746,-43.392667,7/12/22
W308,,UFRJ,UFRJ-S085,21122953,22891116,52.01,Brazil,"State of Rio de Janeiro, Brazil",UFRJ-17,Creek,-22.405447,-43.382427,7/12/22
W309,,UFRJ,UFRJ-S086,9125103,11797720,56.39,Brazil,"State of Rio de Janeiro, Brazil",UFRJ-18A,Creek,-22.400787,-43.372813,7/12/22
W310,,UFRJ,UFRJ-S087,16586704,19008644,53.4,Brazil,"State of Rio de Janeiro, Brazil",UFRJ-19A,Creek,-22.375046,-43.349847,7/12/22
W311,,UFRJ,UFRJ-S088,10794112,21513111,66.59,Brazil,"State of Rio de Janeiro, Brazil",UFRJ-21VS,Creek,-22.391362,-43.307791,7/12/22
W312,,UFRJ,UFRJ-S089,10782284,21619023,66.72,Brazil,"State of Rio de Janeiro, Brazil",UFRJ-20,Creek,-22.391943,-43.303334,7/12/22
W313,,UFRJ,UFRJ-S090,13037761,24791823,65.54,Brazil,"State of Rio de Janeiro, Brazil",UFRJ-23/23A,Creek,-22.41035,-43.308197,7/12/22